,time,x_accel,y_accel,z_accel
0,1.1920928955078125e-05,-0.5883989999999999,0.9022117999999999,12.1210194
1,0.013459920883178711,-0.3530394,-3.4519407999999996,12.3171524
2,0.026561737060546875,2.0790097999999997,-1.4906107999999998,6.786201800000001
3,0.03988075256347656,0.9414384,1.3337044,12.944778
4,0.05305147171020508,-0.196133,5.1386845999999995,10.198916
5,0.06592345237731934,-0.8629851999999999,1.2160246,11.571846999999998
6,0.07879161834716797,-1.1375714,-2.7458620000000002,8.5513988
7,0.09163475036621094,0.980665,-1.8436502,7.9629998
8,0.10451674461364746,0.196133,1.4121576,12.787871599999999
9,0.11741447448730469,0.3138128,4.6679654,12.1210194
10,0.13027262687683105,-1.3337044,1.569064,12.2386992
11,0.1431136131286621,-0.784532,-3.0989014,8.9044382
12,0.15595245361328125,1.569064,-1.4513842,11.375713999999999
13,0.1688094139099121,1.6082906,-2.3928225999999997,7.5707338
14,0.1816577911376953,-0.43149259999999995,4.511059,11.846433199999998
15,0.19450855255126953,-1.6867438000000001,1.569064,10.1596894
16,0.20750164985656738,-1.0198916,-0.3138128,12.6309652
17,0.22042417526245117,1.6867438000000001,-1.4513842,10.8657682
18,0.23325634002685547,1.2944778,-1.2160246,7.5315072
19,0.24608516693115234,0.7060788,2.157463,14.866881399999999
20,0.2589247226715088,-1.8044235999999998,0.9414384,10.5519554
21,0.2717921733856201,-0.8629851999999999,-0.9022117999999999,12.081792799999999
22,0.2846214771270752,-0.980665,-3.530394,10.1204628
23,0.297457218170166,1.1767979999999998,-1.2944778,7.060788
24,0.31032776832580566,1.2944778,3.4911673999999997,14.513841999999999
25,0.3231537342071533,-1.2552512,3.0989014,11.532620399999999
26,0.336137056350708,-1.6475172,-2.3143694,12.003339599999999
27,0.3489651679992676,-0.3530394,-2.941995,10.6304086
28,0.36180901527404785,1.96133,-1.8436502,9.649743599999999
29,0.37467050552368164,1.0198916,4.3541526,13.807763199999998
30,0.3877432346343994,-1.3729310000000001,2.1182364,10.8265416
31,0.4005696773529053,-1.2160246,1.5298374,11.454167199999999
32,0.41341543197631836,-0.6276256,-2.7066354,11.2972608
33,0.42624831199645996,2.7066354,-1.6475172,8.747531799999999
34,0.43907713890075684,0.784532,0.0392266,6.903881599999999
35,0.4519014358520508,1.96133,4.6679654,10.787315
36,0.46472787857055664,-1.0591182,1.3729310000000001,12.3956056
37,0.47756004333496094,-1.1767979999999998,-3.8049801999999997,9.924329799999999
38,0.4905071258544922,0.784532,-1.96133,8.590625399999999
39,0.5033364295959473,0.7060788,0.7453053999999999,7.4922806
40,0.5161552429199219,1.1767979999999998,4.6679654,12.434832199999999
41,0.5289926528930664,-1.6867438000000001,1.3337044,12.787871599999999
42,0.541820764541626,-1.1375714,-3.4911673999999997,9.1790244
43,0.55464768409729,0.6668522,-2.5105024,11.493393799999998
44,0.5674989223480225,1.765197,-2.0790097999999997,7.7276402
45,0.5803313255310059,0.0,4.8248717999999995,12.5132854
46,0.5932166576385498,-1.8044235999999998,1.3337044,9.845876599999999
47,0.6060607433319092,-0.9022117999999999,0.7060788,13.1801376
48,0.6188938617706299,1.0198916,-1.8828768,10.787315
49,0.6317539215087891,2.0397832,-1.765197,7.5707338
50,0.6446166038513184,-0.43149259999999995,1.1767979999999998,9.8851032
51,0.657447099685669,-2.2359162,0.8629851999999999,10.198916
52,0.670274019241333,-0.9414384,0.1569064,13.3762706
53,0.683138370513916,-1.3729310000000001,-3.6873004,8.825985
54,0.6959667205810547,1.4906107999999998,-1.765197,7.3746008
55,0.7087962627410889,-0.5099458,1.9221034,10.787315
56,0.7216160297393799,-0.3530394,3.726527,12.081792799999999
57,0.7344446182250977,-2.2359162,-0.0392266,13.1801376
58,0.747269868850708,-1.0983448,-3.4127142,9.1397978
59,0.7600991725921631,1.0591182,-2.2751428,10.4735022
60,0.7729439735412598,0.9022117999999999,-2.0005566,12.8270982
61,0.7857859134674072,-0.5883989999999999,3.3734876000000003,11.76798
62,0.7990090847015381,-2.2751428,0.8629851999999999,10.2381426
63,0.8118343353271484,-1.0983448,-0.392266,9.218251
64,0.8246686458587646,1.0983448,-2.157463,10.4342756
65,0.8375017642974854,1.0983448,-1.5298374,7.5707338
66,0.850334644317627,0.0392266,1.1767979999999998,12.3171524
67,0.8632166385650635,-1.96133,1.6867438000000001,9.649743599999999
68,0.8760478496551514,-0.3530394,-0.4707192,12.6309652
69,0.888871431350708,-1.2160246,-3.6480737999999997,10.1204628
70,0.9017257690429688,0.9414384,-1.6867438000000001,7.453054
71,0.9145488739013672,0.2353596,2.3535959999999996,11.807206599999999
72,0.9273710250854492,-0.6276256,3.8834334,11.924886399999998
73,0.9401981830596924,-0.6276256,-0.3138128,12.6701918
74,0.9530227184295654,-1.2552512,-3.5696205999999995,9.1005712
75,0.965850830078125,1.3337044,-1.8828768,10.4342756
76,0.9787230491638184,0.1569064,2.5889556,11.6110736
77,0.9916350841522217,-0.392266,3.6873004,11.924886399999998
78,1.004521369934082,-1.8828768,1.7259703999999998,10.0812362
79,1.01735258102417,-1.4513842,-3.2558078,9.022118
80,1.0301835536956787,1.6082906,-2.3143694,10.277369199999999
81,1.0430169105529785,1.3729310000000001,-1.8436502,7.6884136
82,1.0560986995697021,-0.196133,3.3734876000000003,11.885659799999999
83,1.0690412521362305,-1.7259703999999998,1.4906107999999998,9.80665
84,1.08186674118042,-1.2552512,-0.3138128,13.0232312
85,1.0947082042694092,-1.0983448,-2.3143694,11.1011278
86,1.1075589656829834,1.2552512,-2.0397832,7.4138274
87,1.1203908920288086,0.0392266,1.765197,10.4342756
88,1.1332128047943115,-0.1176798,1.4906107999999998,10.0420096
89,1.1460394859313965,-0.784532,1.1375714,12.552512
90,1.1588695049285889,-1.765197,-4.0011132,9.022118
91,1.1717138290405273,0.9414384,-2.2751428,7.6884136
92,1.1845571994781494,-0.0784532,-0.0784532,10.8265416
93,1.197389841079712,0.6668522,4.0011132,12.356378999999999
94,1.2102351188659668,-1.569064,1.6082906,13.1016844
95,1.2230675220489502,-1.5298374,-3.6480737999999997,9.1397978
96,1.2359273433685303,0.8237586,-2.0005566,10.6304086
97,1.2487545013427734,1.8828768,-1.4906107999999998,7.9629998
98,1.2615811824798584,0.5883989999999999,4.158019599999999,12.3171524
99,1.2744309902191162,-1.8044235999999998,1.6867438000000001,10.1204628
100,1.2873849868774414,-0.4707192,0.7453053999999999,13.2978174
101,1.3002450466156006,0.6668522,-1.8828768,10.9442214
102,1.3131487369537354,1.6475172,-2.0790097999999997,8.041453
103,1.3259775638580322,0.392266,0.196133,7.256920999999999
104,1.3388090133666992,-2.4320492,1.3337044,10.9049948
105,1.351639986038208,-0.784532,1.3729310000000001,12.1994726
106,1.3644721508026123,-1.4121576,-2.7066354,9.7674234
107,1.3773221969604492,2.1966896,-1.6475172,8.7083052
108,1.390153169631958,0.43149259999999995,-0.3138128,6.786201800000001
109,1.4029810428619385,0.8629851999999999,4.511059,12.434832199999999
110,1.4158148765563965,-0.9414384,1.6082906,12.1210194
111,1.428642988204956,-1.2552512,-2.5889556,10.8657682
112,1.4414629936218262,-0.43149259999999995,-2.8635417999999997,10.8265416
113,1.4542880058288574,1.7259703999999998,-0.980665,6.5508422
114,1.4671144485473633,1.8828768,4.2756994,12.787871599999999
115,1.479940414428711,-1.569064,2.2359162,11.885659799999999
116,1.492767333984375,-1.2944778,1.5298374,11.375713999999999
117,1.5056202411651611,-0.392266,-2.6674088,10.7480884
118,1.5185277462005615,1.9221034,-1.6867438000000001,9.845876599999999
119,1.531355381011963,0.784532,-0.9022117999999999,13.846989799999998
120,1.5441827774047852,-0.6276256,3.2950344,11.2188076
121,1.557011365890503,-1.0591182,1.8436502,11.1403544
122,1.5698573589324951,-1.0591182,-1.4906107999999998,10.5519554
123,1.5826826095581055,1.4513842,-1.2160246,10.4735022
124,1.595506191253662,1.0983448,-1.6475172,7.1000146
125,1.6083354949951172,1.765197,3.1773545999999997,13.846989799999998
126,1.621211290359497,-1.2944778,1.6475172,10.395049
127,1.6340830326080322,-1.0591182,-0.8629851999999999,12.3171524
128,1.6469125747680664,-0.8237586,-2.9812215999999996,10.002782999999999
129,1.659745216369629,1.3337044,-1.9221034,7.7668668
130,1.6725716590881348,1.0591182,1.8828768,13.846989799999998
131,1.6853985786437988,0.6668522,5.0210048,11.493393799999998
132,1.6982238292694092,-0.8237586,-0.0784532,12.160245999999999
133,1.711061954498291,-0.3530394,-2.8243152,9.414383999999998
134,1.7238998413085938,0.9022117999999999,-1.96133,11.414940599999998
135,1.7367298603057861,2.0397832,1.6475172,12.4740588
136,1.7495551109313965,1.0198916,5.1386845999999995,12.9840046
137,1.762385368347168,-1.4513842,1.8436502,10.198916
138,1.7752299308776855,-0.980665,-2.8635417999999997,9.1790244
139,1.7880589962005615,-0.0784532,-2.3928225999999997,11.650300199999998
140,1.8008840084075928,1.569064,-2.3535959999999996,8.3552658
141,1.8137259483337402,0.8237586,0.6668522,15.219920799999999
142,1.826645851135254,-1.4906107999999998,2.1966896,9.845876599999999
143,1.839489459991455,-1.4121576,0.6668522,12.1210194
144,1.8523175716400146,-0.6668522,-2.3535959999999996,10.8265416
145,1.8651432991027832,1.765197,-2.4712758,9.022118
146,1.8779680728912354,1.0198916,-0.1176798,8.669078599999999
147,1.8907921314239502,1.0591182,2.6674088,15.2591474
148,1.9036173820495605,-2.0790097999999997,1.2160246,10.6304086
149,1.9164495468139648,-0.7453053999999999,-0.7060788,11.6110736
150,1.9292981624603271,-0.9414384,-3.1773545999999997,9.8851032
151,1.942124843597412,0.7060788,-1.3337044,7.3746008
152,1.95501708984375,-0.2745862,1.9221034,12.0425662
153,1.9680900573730469,-0.5883989999999999,3.3734876000000003,12.434832199999999
154,1.9809117317199707,0.0392266,-0.1569064,12.944778
155,1.9938292503356934,-2.0005566,-3.4519407999999996,9.1397978
156,2.0066606998443604,1.0591182,-2.1182364,10.3558224
157,2.0194976329803467,0.43149259999999995,1.4513842,9.1397978
158,2.0323710441589355,0.5099458,3.8442068,11.846433199999998
159,2.045210599899292,-2.4712758,1.6082906,9.5320638
160,2.0580577850341797,-1.2160246,-3.1773545999999997,9.2967042
161,2.0710034370422363,0.3530394,-1.9221034,11.2972608
162,2.0838325023651123,0.980665,-1.569064,7.9629998
163,2.0966508388519287,0.5099458,4.3541526,12.1994726
164,2.1094796657562256,-1.2160246,1.6082906,10.4735022
165,2.122314691543579,-1.4513842,1.2160246,12.160245999999999
166,2.1351993083953857,-1.0591182,-2.4320492,10.983448000000001
167,2.148026466369629,1.3729310000000001,-2.0005566,9.1397978
168,2.1608569622039795,0.9022117999999999,-1.0198916,7.217694399999999
169,2.1737194061279297,2.2751428,4.0011132,11.3364874
170,2.1865501403808594,-1.0591182,1.2160246,11.493393799999998
171,2.1993792057037354,-1.2944778,-0.8237586,12.1994726
172,2.212205410003662,-0.43149259999999995,-3.0989014,10.1596894
173,2.2250466346740723,1.3729310000000001,-1.2160246,7.296147599999999
174,2.2379610538482666,2.0397832,3.2165812,14.003896199999998
175,2.2509191036224365,0.43149259999999995,4.158019599999999,10.277369199999999
176,2.263861894607544,-0.5099458,0.0,12.434832199999999
177,2.2770943641662598,-0.8629851999999999,-3.2165812,9.571290399999999
178,2.2899184226989746,0.8237586,-2.0005566,8.237585999999999
179,2.302793264389038,1.2552512,2.0005566,13.0232312
180,2.315621852874756,1.0198916,4.158019599999999,12.552512
181,2.328474760055542,-1.0198916,1.8436502,10.002782999999999
182,2.341366767883301,-1.2160246,-2.7458620000000002,9.610517
183,2.3541951179504395,0.4707192,-1.7259703999999998,11.375713999999999
184,2.367037534713745,1.3729310000000001,-2.0005566,8.316039199999999
185,2.379957675933838,1.2160246,3.8834334,15.6514134
186,2.39278507232666,-1.2552512,2.157463,10.4342756
187,2.405611991882324,-1.7259703999999998,1.0198916,11.375713999999999
188,2.418438196182251,-1.0591182,-2.8243152,10.3558224
189,2.4312987327575684,1.4906107999999998,-2.1966896,9.1790244
190,2.4441702365875244,1.4513842,-0.9022117999999999,7.8845466
191,2.4569969177246094,0.4707192,2.9027684,11.807206599999999
192,2.469825029373169,-2.0397832,1.4513842,9.924329799999999
193,2.482651710510254,-0.8629851999999999,-0.4707192,12.9055514
194,2.495490789413452,-1.8044235999999998,-2.157463,10.277369199999999
195,2.508317232131958,1.6867438000000001,-2.0005566,7.7668668
196,2.5211474895477295,0.43149259999999995,1.0591182,9.022118
197,2.533977508544922,0.5883989999999999,1.0983448,10.3165958
198,2.5468153953552246,-1.0591182,1.1375714,12.748645
199,2.5596506595611572,-1.4906107999999998,-2.9812215999999996,10.277369199999999
200,2.5725255012512207,0.43149259999999995,-2.0005566,8.5121722
201,2.585359811782837,0.9022117999999999,-0.0784532,6.864655
202,2.598184585571289,2.0005566,4.3933792,12.434832199999999
203,2.6110117435455322,-1.2944778,2.2359162,11.375713999999999
204,2.623854160308838,-0.8629851999999999,-1.3337044,11.885659799999999
205,2.6367640495300293,-0.5491724,-2.7850886,10.3165958
206,2.649617910385132,0.8237586,-1.7259703999999998,10.7088618
207,2.662508964538574,2.0397832,2.157463,14.2000292
208,2.675348997116089,0.43149259999999995,4.8248717999999995,11.493393799999998
209,2.6881754398345947,-0.980665,1.4121576,10.591182
210,2.7010016441345215,-0.6276256,-2.8635417999999997,9.2574776
211,2.713827133178711,0.0,-1.7259703999999998,11.414940599999998
212,2.7266526222229004,1.0983448,-2.549729,8.669078599999999
213,2.739506483078003,1.5298374,3.5696205999999995,15.2591474
214,2.752426862716675,-0.9022117999999999,2.2359162,10.6304086
215,2.7652642726898193,-1.5298374,1.1375714,11.414940599999998
216,2.7781155109405518,-1.1375714,-2.7850886,10.3165958
217,2.790955066680908,1.4121576,-2.6281822,9.5320638
218,2.803781747817993,1.0983448,-1.3337044,7.8060934
219,2.8166234493255615,-0.2353596,2.8635417999999997,12.160245999999999
220,2.829470157623291,-1.2160246,1.8828768,9.9635564
221,2.8423032760620117,-0.5491724,0.3530394,13.140911000000001
222,2.855167865753174,-1.5298374,-2.0790097999999997,10.6304086
223,2.8680083751678467,1.8044235999999998,-1.9221034,7.6491869999999995
224,2.8808364868164062,0.9022117999999999,1.0198916,7.84532
225,2.893663167953491,1.1767979999999998,4.1972461999999995,11.0226746
226,2.9064884185791016,-0.43149259999999995,1.4906107999999998,12.160245999999999
227,2.9193146228790283,-1.4513842,-1.9221034,10.9049948
228,2.9321413040161133,-1.0198916,-2.6281822,9.649743599999999
229,2.94497013092041,1.0983448,-1.1375714,7.178467799999999
230,2.958022117614746,1.96133,3.1773545999999997,13.925442999999998
231,2.9708681106567383,-0.5099458,3.2165812,10.8265416
232,2.983699321746826,-1.2944778,-0.1176798,12.356378999999999
233,2.9966139793395996,-0.5883989999999999,-2.8635417999999997,9.845876599999999
234,3.0094430446624756,0.9022117999999999,-1.4906107999999998,11.2188076
235,3.022268772125244,0.2745862,0.980665,12.1994726
236,3.035109758377075,1.569064,4.903325,13.2978174
237,3.047999620437622,-1.3337044,2.0005566,10.1596894
238,3.0609169006347656,-0.2745862,-2.4320492,10.3558224
239,3.073748826980591,-0.980665,-2.4712758,10.8265416
240,3.086576461791992,1.2160246,-2.4320492,8.8652116
241,3.0994019508361816,0.196133,2.1182364,14.7492016
242,3.1122257709503174,0.1176798,3.3734876000000003,11.061901200000001
243,3.1250505447387695,-1.765197,1.2552512,10.395049
244,3.1378753185272217,-0.196133,-3.334261,8.9044382
245,3.1509716510772705,0.7060788,-1.8044235999999998,10.0420096
246,3.163804054260254,1.4513842,-2.1182364,7.7276402
247,3.176652669906616,0.43149259999999995,3.8049801999999997,12.081792799999999
248,3.1894819736480713,-1.4513842,2.1182364,10.3558224
249,3.2023074626922607,-0.784532,1.6475172,12.277925799999998
250,3.2151331901550293,-0.8629851999999999,-2.2751428,10.8657682
251,3.227959632873535,1.569064,-1.6867438000000001,9.1397978
252,3.240793228149414,0.7453053999999999,-1.1375714,7.1000146
253,3.2536559104919434,1.6082906,3.2950344,11.2972608
254,3.266582489013672,-0.8629851999999999,1.8044235999999998,11.1011278
255,3.2794132232666016,-1.4121576,-0.5491724,12.081792799999999
256,3.2922422885894775,-0.8237586,-3.0989014,11.414940599999998
257,3.3050689697265625,1.6867438000000001,-2.157463,7.6884136
258,3.3178951740264893,0.392266,1.4121576,13.0232312
259,3.330723524093628,1.6082906,4.785645199999999,13.0624578
260,3.343555450439453,-1.2552512,0.6276256,11.6895268
261,3.3564846515655518,-0.6276256,-2.157463,10.7480884
262,3.3693337440490723,-0.8629851999999999,-2.6281822,11.1403544
263,3.382169485092163,0.6276256,-0.4707192,8.0806796
264,3.3949942588806152,1.1767979999999998,2.7066354,15.1414676
265,3.407820224761963,-0.1176798,2.8635417999999997,11.650300199999998
266,3.4206438064575195,-0.5099458,0.4707192,12.5917386
267,3.433467149734497,-1.0591182,-2.9027684,8.825985
268,3.446291446685791,0.7453053999999999,-2.1966896,10.3165958
269,3.4592459201812744,0.5491724,0.8629851999999999,8.0022264
270,3.472092390060425,0.9414384,4.118792999999999,12.0425662
271,3.4849162101745605,-0.9022117999999999,1.3337044,10.8657682
272,3.497741222381592,-0.9414384,-2.2359162,11.1011278
273,3.510565757751465,-0.6276256,-2.4712758,10.6304086
274,3.523388147354126,1.3729310000000001,-1.8044235999999998,9.8851032
275,3.5362141132354736,0.9022117999999999,2.9027684,14.003896199999998
276,3.5490357875823975,0.0,3.8442068,11.493393799999998
277,3.5619008541107178,-1.0198916,1.7259703999999998,10.5127288
278,3.5747623443603516,-0.8237586,0.6668522,9.492837199999999
279,3.587592363357544,-0.1176798,-2.157463,11.179581
280,3.6005680561065674,1.1375714,-2.0005566,8.237585999999999
281,3.613415241241455,0.784532,0.6276256,14.906108
282,3.626258611679077,-0.7060788,2.6674088,10.4342756
283,3.6390984058380127,-1.6475172,1.3337044,11.1011278
284,3.651954412460327,-0.2745862,-1.3337044,9.924329799999999
285,3.664839506149292,1.3729310000000001,-1.9221034,9.610517
286,3.6784236431121826,0.8237586,-1.5298374,7.7276402
287,3.6912691593170166,-0.1176798,1.569064,11.885659799999999
288,3.7040929794311523,-1.0983448,1.765197,10.2381426
289,3.7169153690338135,-0.7453053999999999,1.0198916,12.709418399999999
290,3.72973895072937,-0.980665,-2.9027684,10.8657682
291,3.742560386657715,1.6867438000000001,-1.96133,8.237585999999999
292,3.7553842067718506,0.196133,-0.0784532,6.668522
293,3.768239974975586,1.96133,3.8834334,12.4740588
294,3.781069040298462,-1.2944778,1.569064,11.6110736
295,3.793893814086914,-0.9022117999999999,-1.0983448,11.846433199999998
296,3.806729793548584,-0.8629851999999999,-2.5105024,10.6304086
297,3.8195505142211914,0.8629851999999999,-1.4513842,7.6491869999999995
298,3.832376003265381,1.2552512,2.0005566,14.082349399999998
299,3.845198154449463,0.5883989999999999,4.511059,11.76798
300,3.8580353260040283,-0.8629851999999999,0.980665,12.1994726
301,3.870922565460205,-0.5491724,-2.7066354,9.414383999999998
302,3.88375186920166,-0.5491724,-2.3928225999999997,11.375713999999999
303,3.8965742588043213,1.2552512,0.3138128,8.629852
304,3.9093971252441406,1.1375714,3.0596748,15.3768272
305,3.92221736907959,-0.392266,2.1966896,11.1403544
306,3.9350388050079346,-1.1375714,-1.1767979999999998,12.1994726
307,3.9478724002838135,-1.4121576,-3.334261,9.649743599999999
308,3.9607045650482178,0.7453053999999999,-2.3535959999999996,10.002782999999999
309,3.9736335277557373,1.2160246,-1.6867438000000001,10.1596894
310,3.986499786376953,0.6276256,3.530394,12.160245999999999
311,3.9993906021118164,-1.2160246,1.6475172,10.3558224
312,4.012220144271851,-0.4707192,1.4121576,9.7674234
313,4.025044679641724,0.0784532,-1.6867438000000001,10.5127288
314,4.037874698638916,1.4513842,-2.157463,8.5513988
315,4.05069899559021,0.7453053999999999,-0.43149259999999995,7.0215613999999995
316,4.063534498214722,-1.2160246,2.3535959999999996,11.375713999999999
317,4.076412200927734,-0.9022117999999999,1.6475172,11.414940599999998
318,4.089239120483398,-0.9022117999999999,-1.1767979999999998,11.885659799999999
319,4.102080345153809,1.0198916,-1.6475172,10.3558224
320,4.114903926849365,0.5883989999999999,-1.765197,7.6884136
321,4.127787828445435,1.3337044,2.5105024,14.121576
322,4.141481637954712,-1.569064,1.8436502,10.3558224
323,4.1571431159973145,-1.2160246,0.392266,9.5320638
324,4.1728129386901855,0.1176798,-2.0790097999999997,11.571846999999998
325,4.188549757003784,0.9414384,0.784532,9.8851032
326,4.204185962677002,1.8436502,3.6088471999999996,10.3165958
327,4.21982741355896,-1.6082906,0.5099458,10.983448000000001
328,4.235531568527222,-0.2353596,-2.7458620000000002,10.0420096
329,4.251867055892944,1.7259703999999998,-2.549729,7.9237732
330,4.268944978713989,-0.0392266,1.2552512,12.9055514
331,4.286082744598389,-1.6475172,1.8436502,10.0812362
332,4.303148031234741,-0.8237586,-3.0596748,8.9044382
333,4.320214509963989,0.6668522,-2.0005566,8.3552658
334,4.337309122085571,-0.3530394,-0.5491724,8.2768126
335,4.354374647140503,-1.0983448,1.5298374,10.591182
336,4.371488571166992,-1.1375714,-2.7850886,10.6304086
337,4.388676881790161,-0.1569064,-2.2751428,9.1005712
338,4.4057793617248535,0.6668522,-0.4707192,7.4922806
339,4.4228737354278564,-1.0198916,2.7850886,10.983448000000001
340,4.439973831176758,-1.5298374,-0.8237586,12.3956056
341,4.457048654556274,-1.1767979999999998,-3.1773545999999997,10.1204628
342,4.474123239517212,1.4513842,-2.0790097999999997,7.8845466
343,4.491302728652954,0.8629851999999999,4.118792999999999,11.807206599999999
344,4.508368492126465,-0.5883989999999999,1.1767979999999998,12.160245999999999
345,4.525440692901611,-0.784532,-2.7850886,11.454167199999999
346,4.542575836181641,1.8044235999999998,-2.0790097999999997,8.237585999999999
347,4.559357166290283,1.2944778,3.6088471999999996,15.1806942
348,4.576612949371338,-0.784532,1.0983448,11.1403544
349,4.593937873840332,-0.3138128,-1.6867438000000001,10.277369199999999
350,4.6108973026275635,0.980665,-2.157463,9.649743599999999
351,4.627748727798462,0.1176798,2.549729,11.2972608
352,4.644357442855835,-0.2353596,1.6082906,10.277369199999999
353,4.658827304840088,-0.9022117999999999,0.2745862,13.1801376
354,4.672059774398804,-1.4513842,-3.6873004,9.3359308
355,4.685018301010132,1.2944778,-1.9221034,7.7276402
356,4.697901964187622,0.3138128,0.5491724,7.1000146
357,4.710733890533447,1.1375714,4.4718324,12.003339599999999
358,4.723565101623535,-1.569064,1.2160246,12.1994726
359,4.736393928527832,-1.6475172,-2.0397832,10.3558224
360,4.749224662780762,0.1176798,-2.7850886,11.0226746
361,4.762050151824951,1.4121576,-0.5883989999999999,6.903881599999999
362,4.774887800216675,1.765197,2.8243152,14.082349399999998
363,4.787726640701294,-0.6668522,3.2165812,11.2972608
364,4.8006062507629395,-1.1375714,1.4121576,12.4740588
365,4.813453912734985,-1.2944778,-2.9027684,9.924329799999999
366,4.826398849487305,1.3337044,-1.8828768,10.787315
367,4.839231014251709,0.980665,-2.0005566,13.572403600000001
368,4.852059602737427,0.7060788,4.707191999999999,11.728753399999999
369,4.8648881912231445,-1.8044235999999998,1.4906107999999998,10.5127288
370,4.877715349197388,-0.6668522,0.9022117999999999,12.277925799999998
371,4.890554428100586,-0.1176798,-1.8044235999999998,11.414940599999998
372,4.903455018997192,1.1767979999999998,-2.1182364,8.1983594
373,4.916285276412964,0.3530394,1.0591182,10.6304086
374,4.929122686386108,-1.3337044,1.96133,9.9635564
375,4.941955089569092,-1.0591182,1.1767979999999998,11.885659799999999
376,4.954808712005615,-0.8237586,-2.0397832,10.0420096
377,4.967682600021362,2.2751428,-2.1182364,8.747531799999999
378,4.980529546737671,1.3337044,-0.1569064,8.1199062
379,4.99339747428894,0.392266,1.765197,15.7298666
380,5.0063371658325195,-2.0397832,1.3729310000000001,10.787315
381,5.019174814224243,-1.0983448,-1.1375714,12.356378999999999
382,5.0320258140563965,-1.4906107999999998,-3.6480737999999997,9.5320638
383,5.044853210449219,0.9022117999999999,-1.8436502,7.9237732
384,5.057682514190674,0.0784532,2.3535959999999996,11.454167199999999
385,5.070509195327759,0.0784532,3.6873004,12.0425662
386,5.083335638046265,-1.2552512,0.0,13.0232312
387,5.096168279647827,-0.980665,-2.9027684,8.825985
388,5.109046220779419,0.5883989999999999,-2.2359162,10.6304086
389,5.1218743324279785,1.6082906,-2.0005566,8.590625399999999
390,5.134717226028442,1.2944778,4.1972461999999995,12.0425662
391,5.1475441455841064,-1.6867438000000001,1.765197,10.2381426
392,5.160372495651245,-0.6668522,1.4906107999999998,9.9635564
393,5.17319917678833,0.0784532,-2.1966896,10.9049948
394,5.186045169830322,1.3729310000000001,-1.8044235999999998,8.747531799999999
395,5.198907852172852,0.8237586,-0.392266,12.277925799999998
396,5.211740255355835,-1.3729310000000001,1.8436502,11.1403544
397,5.2245683670043945,-1.1375714,1.2552512,12.003339599999999
398,5.237413644790649,-1.2944778,-2.6281822,11.807206599999999
399,5.25024151802063,1.4121576,-1.4906107999999998,9.571290399999999
400,5.2630698680877686,1.3729310000000001,-0.7060788,6.864655
401,5.275902032852173,1.8044235999999998,2.549729,14.513841999999999
402,5.288732051849365,-1.2552512,1.3337044,10.6696352
403,5.301567792892456,-0.9022117999999999,-0.43149259999999995,12.356378999999999
404,5.314423561096191,-0.9022117999999999,-3.334261,9.5320638
405,5.327250242233276,1.3729310000000001,-1.96133,7.5315072
406,5.3400774002075195,1.3729310000000001,1.7259703999999998,13.6508568
407,5.352903842926025,1.0198916,4.746418599999999,12.6309652
408,5.36573052406311,-1.6867438000000001,0.8629851999999999,12.0425662
409,5.378564357757568,-0.8237586,-2.7458620000000002,9.3751574
410,5.39139199256897,0.1569064,-2.157463,11.0226746
411,5.404236078262329,1.0983448,0.9022117999999999,10.7480884
412,5.417092800140381,1.3729310000000001,3.6088471999999996,14.121576
413,5.429920196533203,-1.0198916,2.0005566,10.6696352
414,5.442762613296509,-1.7259703999999998,1.3729310000000001,10.2381426
415,5.4555885791778564,-0.7453053999999999,-2.3928225999999997,11.1011278
416,5.468414306640625,1.569064,-2.1182364,8.9828914
417,5.481237888336182,1.765197,-0.2353596,15.7690932
418,5.494083881378174,-1.2160246,2.3143694,11.3364874
419,5.50694465637207,-1.6867438000000001,0.784532,10.7480884
420,5.5198564529418945,-1.2552512,-1.0591182,12.434832199999999
421,5.532682657241821,1.4906107999999998,-2.0005566,9.610517
422,5.545510530471802,1.4121576,-1.4906107999999998,7.4922806
423,5.558349370956421,0.5883989999999999,2.0005566,12.552512
424,5.571175813674927,-1.96133,1.765197,9.9635564
425,5.58401083946228,-0.7060788,0.2353596,13.2193642
426,5.5968406200408936,-1.765197,-3.4911673999999997,8.9828914
427,5.609704971313477,1.8436502,-2.1182364,8.1591328
428,5.622564077377319,-0.1569064,0.8629851999999999,8.825985
429,5.635430812835693,0.7060788,4.0795664,12.2386992
430,5.648257493972778,-0.9022117999999999,1.3729310000000001,12.709418399999999
431,5.661082744598389,-1.0198916,-2.6674088,9.5320638
432,5.67409348487854,0.3530394,-1.3729310000000001,10.983448000000001
433,5.687793970108032,0.8237586,-0.2353596,7.1000146
434,5.700760364532471,1.9221034,4.903325,11.885659799999999
435,5.713711738586426,-1.765197,1.569064,10.9442214
436,5.726538181304932,-0.6276256,-2.8635417999999997,10.9442214
437,5.739366769790649,-0.0784532,-2.5105024,11.0226746
438,5.752194404602051,2.1966896,-1.3729310000000001,9.0613446
439,5.765020132064819,1.2944778,4.2756994,13.2193642
440,5.777855396270752,-1.3729310000000001,3.0989014,11.0226746
441,5.790701627731323,-0.784532,1.6082906,11.3364874
442,5.803663969039917,-1.2552512,-2.7458620000000002,10.6696352
443,5.816608190536499,1.3337044,-1.0591182,9.845876599999999
444,5.82945990562439,1.1767979999999998,-0.980665,7.256920999999999
445,5.84228777885437,1.9221034,3.92266,11.2188076
446,5.85511326789856,-1.4513842,1.2552512,11.061901200000001
447,5.867938756942749,-1.2944778,-1.0983448,12.1994726
448,5.880765438079834,-0.5883989999999999,-2.7066354,10.787315
449,5.893605709075928,1.3337044,-1.2944778,7.5707338
450,5.90650200843811,1.2944778,2.7458620000000002,14.160802599999998
451,5.919386863708496,-0.196133,4.2756994,10.6696352
452,5.932217597961426,-0.7060788,-0.0392266,12.3171524
453,5.945051193237305,-1.2944778,-2.8243152,9.4536106
454,5.9578845500946045,1.4513842,-1.4906107999999998,7.5707338
455,5.970726728439331,0.8629851999999999,1.8828768,13.533177
456,5.984196186065674,0.0392266,4.8640984,11.885659799999999
457,5.997225999832153,-1.4121576,1.569064,12.277925799999998
458,6.010061502456665,-1.0198916,-3.5696205999999995,9.1397978
459,6.022937059402466,1.0591182,-1.5298374,11.2972608
460,6.035792350769043,1.5298374,-1.8436502,11.728753399999999
461,6.048620700836182,0.4707192,4.2756994,12.5132854
462,6.061448812484741,-1.0983448,1.8044235999999998,9.8851032
463,6.074278354644775,-1.0983448,1.0591182,11.6895268
464,6.087098836898804,0.2745862,-1.765197,11.2188076
465,6.099923610687256,2.1966896,-1.8436502,8.1199062
466,6.112772703170776,1.1375714,1.4513842,11.179581
467,6.125756025314331,-1.569064,2.1182364,10.3165958
468,6.138587951660156,-1.5298374,1.9221034,11.3364874
469,6.151416301727295,-0.7060788,-2.9027684,9.4536106
470,6.164241552352905,1.96133,-2.0397832,8.1983594
471,6.177075147628784,1.4906107999999998,0.6276256,9.4536106
472,6.18989896774292,1.6475172,3.6480737999999997,14.5530686
473,6.202723264694214,-1.1375714,0.5491724,12.160245999999999
474,6.215573072433472,-0.4707192,-2.4712758,10.3558224
475,6.228488206863403,-0.1176798,-2.2359162,11.061901200000001
476,6.241315603256226,1.4513842,0.196133,8.590625399999999
477,6.254141807556152,0.9022117999999999,2.941995,15.9259996
478,6.266979694366455,-0.5883989999999999,2.0790097999999997,10.9442214
479,6.279805421829224,-0.9414384,-2.0790097999999997,11.2972608
480,6.292630672454834,-0.980665,-2.8635417999999997,10.6696352
481,6.305455923080444,1.4121576,-2.5889556,9.3359308
482,6.318286657333374,1.2160246,-0.8629851999999999,15.6514134
483,6.331171274185181,-1.0198916,2.5105024,11.2188076
484,6.344009876251221,-1.8436502,0.784532,11.2972608
485,6.356835842132568,-0.6668522,-1.3729310000000001,9.7281968
486,6.369661092758179,1.0198916,-2.1966896,9.7674234
487,6.382493495941162,1.3337044,-1.3729310000000001,7.9237732
488,6.3953187465667725,-0.196133,1.9221034,14.278482399999998
489,6.408143758773804,-1.7259703999999998,1.4513842,10.5127288
490,6.420992851257324,-0.7453053999999999,-0.5883989999999999,12.0425662
491,6.4340033531188965,-2.2359162,-2.941995,9.3359308
492,6.446852445602417,0.9022117999999999,-1.7259703999999998,7.4922806
493,6.459680080413818,0.0392266,1.6475172,13.768536600000001
494,6.472504615783691,-0.5099458,3.4911673999999997,11.6110736
495,6.485335111618042,-1.1767979999999998,-0.5099458,12.8663248
496,6.4981772899627686,-1.6475172,-3.6480737999999997,9.3359308
497,6.511016607284546,0.9022117999999999,-2.0005566,10.6304086
498,6.5238659381866455,0.0784532,1.2944778,12.1210194
499,6.536811351776123,-0.196133,3.7657536,11.885659799999999
500,6.549657583236694,-1.2944778,1.5298374,9.9635564
501,6.5624847412109375,-0.7453053999999999,-3.7657536,8.629852
502,6.575315237045288,1.0591182,-2.2751428,10.7480884
503,6.588148832321167,1.7259703999999998,-2.0397832,7.7668668
504,6.600973606109619,-0.3530394,4.158019599999999,12.0425662
505,6.6138083934783936,-1.765197,1.6475172,9.7281968
506,6.626729965209961,-0.7060788,0.43149259999999995,12.709418399999999
507,6.639668941497803,-0.784532,-3.334261,10.983448000000001
508,6.6524999141693115,1.6475172,-1.96133,8.1199062
509,6.665327548980713,0.5883989999999999,1.2944778,10.002782999999999
510,6.6781535148620605,1.0591182,4.9425516,9.845876599999999
511,6.690986394882202,-1.1767979999999998,1.2944778,12.160245999999999
512,6.7038657665252686,-1.2944778,-3.4127142,9.3751574
513,6.716692686080933,0.2353596,-1.4906107999999998,8.0022264
514,6.729525566101074,0.2745862,0.6668522,9.022118
515,6.7423553466796875,1.1767979999999998,4.511059,12.709418399999999
516,6.75518012046814,-1.2160246,2.0397832,9.845876599999999
517,6.768003702163696,-0.9414384,-3.0989014,9.845876599999999
518,6.780834913253784,0.392266,-2.1182364,11.375713999999999
519,6.793661832809448,1.4121576,-2.0005566,8.1199062
520,6.806486129760742,2.0790097999999997,4.314926,12.944778
521,6.8193199634552,-1.2944778,1.4121576,10.6304086
522,6.832179069519043,-0.4707192,1.4121576,12.434832199999999
523,6.845081567764282,-0.0392266,-2.1966896,11.1011278
524,6.857907295227051,2.0790097999999997,-1.6082906,8.669078599999999
525,6.870747804641724,0.3138128,-0.0392266,7.296147599999999
526,6.883574724197388,1.6082906,1.8436502,10.591182
527,6.896401882171631,-0.8629851999999999,2.1182364,11.846433199999998
528,6.909225702285767,-0.9414384,-2.3535959999999996,10.5127288
529,6.922050714492798,-0.43149259999999995,-1.9221034,8.7867584
530,6.934892654418945,0.6276256,-0.0784532,7.0215613999999995
531,6.94779634475708,1.6082906,4.707191999999999,13.4547238
532,6.9606239795684814,-1.1375714,2.3143694,11.728753399999999
533,6.973455190658569,-1.3337044,-2.8243152,10.787315
534,6.986321449279785,-0.980665,-2.4320492,11.3364874
535,6.9992311000823975,1.9221034,-1.3337044,7.296147599999999
536,7.012060642242432,2.0397832,4.118792999999999,13.2193642
537,7.024899244308472,-1.1767979999999998,2.3535959999999996,10.4342756
538,7.037787914276123,-0.7453053999999999,1.96133,10.8265416
539,7.050666570663452,-0.784532,-2.3143694,10.983448000000001
540,7.063492774963379,2.1182364,-1.7259703999999998,9.5320638
541,7.076320648193359,0.9414384,-0.784532,6.5900688
542,7.089165449142456,-1.2160246,2.2359162,11.1011278
543,7.101995468139648,-1.0983448,1.4906107999999998,11.571846999999998
544,7.114821434020996,-1.3337044,-2.7850886,11.375713999999999
545,7.127648830413818,1.8044235999999998,-1.765197,9.414383999999998
546,7.140482425689697,1.6082906,-0.784532,7.217694399999999
547,7.153370380401611,1.2160246,3.8049801999999997,13.572403600000001
548,7.166195869445801,-1.2160246,1.3337044,11.454167199999999
549,7.17903470993042,-1.7259703999999998,-2.3535959999999996,11.3364874
550,7.1918785572052,-0.7453053999999999,-2.5889556,10.6304086
551,7.204717397689819,1.8828768,-1.0198916,7.4138274
552,7.217545032501221,1.6867438000000001,3.6480737999999997,13.846989799999998
553,7.230370283126831,-0.9022117999999999,1.96133,11.728753399999999
554,7.243215560913086,-1.1375714,-1.96133,11.454167199999999
555,7.256157636642456,-1.0983448,-3.138128,10.6304086
556,7.269010543823242,1.96133,-2.0790097999999997,10.0420096
557,7.281953573226929,1.1375714,3.6873004,13.768536600000001
558,7.2947821617126465,-0.5491724,3.2558078,11.179581
559,7.30761194229126,-1.0983448,1.9221034,10.9049948
560,7.320441007614136,-1.1767979999999998,-1.0198916,10.8265416
561,7.333285808563232,2.157463,-1.4513842,9.9635564
562,7.346189975738525,1.2944778,-1.6082906,7.256920999999999
563,7.359043836593628,2.0005566,3.0989014,11.2972608
564,7.371890068054199,-0.9414384,1.4906107999999998,10.9442214
565,7.384727478027344,-0.9022117999999999,-0.980665,12.1210194
566,7.397554874420166,-0.5491724,-2.9812215999999996,9.492837199999999
567,7.410382270812988,1.3729310000000001,-1.765197,7.9237732
568,7.423208951950073,1.0591182,2.1966896,14.121576
569,7.436036109924316,0.0392266,4.707191999999999,11.6110736
570,7.448865652084351,-0.3138128,0.392266,12.434832199999999
571,7.461700677871704,-1.3337044,-3.2950344,9.2574776
572,7.474527359008789,1.1767979999999998,-1.6475172,11.1011278
573,7.487355709075928,0.980665,1.8044235999999998,12.552512
574,7.500195264816284,0.5883989999999999,4.9425516,11.728753399999999
575,7.513022422790527,-1.2160246,1.9221034,9.8851032
576,7.525860071182251,-1.1375714,-3.3734876000000003,8.9436648
577,7.5386879444122314,0.5883989999999999,-1.6867438000000001,11.2972608
578,7.551520824432373,1.8828768,-1.8828768,7.9237732
579,7.564369201660156,-0.0784532,4.5502856,13.2193642
580,7.577202796936035,-1.6867438000000001,1.6867438000000001,10.1204628
581,7.590043783187866,-1.3337044,0.3138128,12.5132854
582,7.602877140045166,-0.9022117999999999,-1.7259703999999998,11.493393799999998
583,7.615742206573486,1.765197,-2.6281822,8.3552658
584,7.6286046504974365,0.980665,0.9414384,11.1011278
585,7.641432285308838,1.765197,4.746418599999999,10.1204628
586,7.654257535934448,-0.9414384,0.8629851999999999,11.885659799999999
587,7.667084217071533,-0.9022117999999999,-2.7066354,9.3359308
588,7.679888486862183,0.2353596,-2.3928225999999997,8.4729456
589,7.692777872085571,1.0983448,0.4707192,9.492837199999999
590,7.7056052684783936,1.3729310000000001,3.9618866,14.906108
591,7.718432664871216,-1.2552512,2.1182364,10.277369199999999
592,7.731258153915405,-0.0392266,-2.2751428,10.5519554
593,7.744088172912598,-0.5883989999999999,-2.9027684,11.061901200000001
594,7.756922245025635,1.8044235999999998,-2.6674088,9.0613446
595,7.769771575927734,0.6276256,2.9027684,15.4552804
596,7.782606601715088,-1.0983448,2.3928225999999997,10.5519554
597,7.795433521270752,-0.980665,1.2552512,11.0226746
598,7.808260440826416,-1.569064,-3.2558078,10.1596894
599,7.821091651916504,1.4121576,-2.2359162,8.9436648
600,7.833930730819702,1.4513842,-0.4707192,8.0022264
601,7.846761465072632,1.0983448,2.6281822,11.375713999999999
602,7.859623670578003,-1.2160246,1.6475172,10.591182
603,7.872557640075684,-0.7453053999999999,-1.0983448,11.964113
604,7.885384559631348,-1.4121576,-2.8635417999999997,10.0420096
605,7.898226261138916,1.1375714,-1.3729310000000001,7.217694399999999
606,7.911052465438843,0.0784532,1.1767979999999998,13.4547238
607,7.923879384994507,0.0392266,3.6873004,10.5519554
608,7.936708688735962,-0.9022117999999999,-0.392266,12.9840046
609,7.949562311172485,-1.5298374,-3.8049801999999997,9.3751574
610,7.96240496635437,1.5298374,-2.0397832,7.296147599999999
611,7.975284099578857,0.2353596,1.3729310000000001,10.7088618
612,7.988179445266724,-0.0392266,3.92266,12.434832199999999
613,8.001091241836548,-1.765197,1.8436502,13.140911000000001
614,8.013921737670898,-1.765197,-3.9618866,9.1397978
615,8.026755332946777,0.8237586,-1.9221034,11.2188076
616,8.039597749710083,1.2160246,-2.0005566,7.84532
617,8.052428483963013,1.0591182,5.2563644,12.003339599999999
618,8.065263032913208,-1.569064,2.0790097999999997,10.0420096
619,8.078106164932251,-0.9022117999999999,1.3337044,12.434832199999999
620,8.09094500541687,0.3530394,-2.2359162,10.9442214
621,8.103769302368164,1.6082906,-1.9221034,8.2768126
622,8.116594076156616,1.0983448,0.5099458,6.864655
623,8.129420518875122,-1.6082906,2.0790097999999997,10.5519554
624,8.142244577407837,-0.7060788,1.96133,11.846433199999998
625,8.155069589614868,-0.6668522,-2.4320492,10.9442214
626,8.167896747589111,-0.5491724,-2.2751428,9.1790244
627,8.180740356445312,0.8237586,-0.6668522,7.3746008
628,8.19356656074524,2.0005566,3.2165812,14.709975
629,8.206392288208008,-1.1375714,1.9221034,11.493393799999998
630,8.21921706199646,-0.8237586,-1.8044235999999998,12.1210194
631,8.232041597366333,-0.784532,-2.4712758,9.8851032
632,8.244867086410522,1.569064,-1.5298374,7.4922806
633,8.257691144943237,1.4121576,2.8243152,14.435388799999998
634,8.270518779754639,-0.9414384,3.4911673999999997,11.179581
635,8.283348083496094,-1.1767979999999998,2.0005566,12.081792799999999
636,8.296172618865967,-0.784532,-2.6674088,9.2967042
637,8.308997631072998,1.1375714,-0.980665,10.9442214
638,8.321822166442871,1.4513842,-1.96133,8.0022264
639,8.334646940231323,0.5491724,4.2756994,11.807206599999999
640,8.34747576713562,-1.4906107999999998,1.3337044,10.3165958
641,8.36030101776123,-1.2552512,0.5883989999999999,12.081792799999999
642,8.373135566711426,0.6668522,-1.7259703999999998,11.454167199999999
643,8.385977745056152,1.5298374,-2.1182364,7.8845466
644,8.398803472518921,0.7453053999999999,1.3729310000000001,11.571846999999998
645,8.411646127700806,-0.980665,1.5298374,9.9635564
646,8.424471378326416,-1.4513842,1.1767979999999998,11.924886399999998
647,8.437297821044922,-0.8629851999999999,-3.0989014,9.1790244
648,8.450123071670532,0.0,-2.0005566,8.237585999999999
649,8.46297550201416,0.1569064,0.4707192,10.002782999999999
650,8.475806951522827,1.2160246,3.6873004,14.592295199999999
651,8.488648653030396,-1.0983448,0.4707192,12.081792799999999
652,8.501487731933594,-0.7453053999999999,-2.3143694,9.4536106
653,8.514325857162476,-0.3138128,-1.8436502,10.1204628
654,8.527181148529053,2.3143694,0.5491724,8.041453
655,8.54001498222351,1.6867438000000001,3.6088471999999996,15.4552804
656,8.552833318710327,-0.9022117999999999,2.1182364,10.591182
657,8.565662622451782,-1.6475172,0.8237586,11.0226746
658,8.578508615493774,-1.0591182,-2.7066354,10.9049948
659,8.591365814208984,2.0790097999999997,-2.3143694,9.2574776
660,8.604192733764648,1.3729310000000001,-0.196133,15.5729602
661,8.617032766342163,-0.6276256,3.0204481999999997,11.1011278
662,8.62991452217102,-2.1182364,0.8237586,10.8265416
663,8.64274001121521,-0.43149259999999995,-1.4513842,12.0425662
664,8.655569076538086,1.2944778,-2.3535959999999996,9.845876599999999
665,8.668397426605225,1.4121576,-1.2160246,7.9629998
666,8.68125581741333,-0.1569064,1.7259703999999998,13.768536600000001
667,8.694103479385376,-2.0790097999999997,1.1375714,10.3165958
668,8.706931114196777,-1.3729310000000001,-0.3138128,12.709418399999999
669,8.719771146774292,-1.0983448,-3.530394,9.4536106
670,8.73259711265564,1.0198916,-1.8044235999999998,7.609960399999999
671,8.745423316955566,-0.2745862,1.96133,11.846433199999998
672,8.758248567581177,0.3530394,3.3734876000000003,11.6895268
673,8.77107834815979,-1.569064,-0.196133,13.0232312
674,8.78393268585205,-1.1767979999999998,-3.2165812,8.9044382
675,8.796772956848145,0.6276256,-2.0397832,10.5519554
676,8.809598684310913,2.0790097999999997,1.96133,11.3364874
677,8.822428226470947,0.392266,4.0011132,11.885659799999999
678,8.835282564163208,-1.569064,1.765197,10.0420096
679,8.848109483718872,-0.8237586,0.8237586,9.0613446
680,8.860934257507324,0.5099458,-2.0790097999999997,10.9442214
681,8.873765707015991,1.6475172,-1.8436502,7.6884136
682,8.886619567871094,0.980665,1.0983448,11.885659799999999
683,8.89944839477539,-1.7259703999999998,1.6867438000000001,10.395049
684,8.912273645401001,-0.784532,0.980665,12.8270982
685,8.925098657608032,-1.1375714,-2.8635417999999997,9.571290399999999
686,8.937928676605225,1.4906107999999998,-1.6867438000000001,8.1983594
687,8.950766801834106,0.784532,1.0591182,7.4138274
688,8.963593482971191,0.0784532,4.1972461999999995,12.748645
689,8.976418495178223,-0.5883989999999999,1.4906107999999998,12.552512
690,8.989291191101074,-1.2160246,-2.7850886,10.3558224
691,9.002211570739746,0.2353596,-2.3143694,10.787315
692,9.01504135131836,1.1375714,0.3138128,6.5116156
693,9.027887105941772,1.4121576,4.158019599999999,13.0624578
694,9.040735483169556,-1.8044235999999998,1.9221034,11.3364874
695,9.053563117980957,-1.2160246,-2.2751428,11.0226746
696,9.066387176513672,0.0392266,-2.4320492,11.0226746
697,9.079213380813599,1.6475172,-1.4121576,9.218251
698,9.09207534790039,1.1375714,3.8442068,13.6116302
699,9.104912281036377,-1.6082906,2.0790097999999997,11.6895268
700,9.117739200592041,-2.1966896,1.0983448,12.1210194
701,9.130565166473389,-1.3729310000000001,-2.3535959999999996,10.4735022
702,9.143391847610474,1.569064,-1.2160246,9.5320638
703,9.156218528747559,1.2552512,-1.2552512,7.0215613999999995
704,9.169061183929443,1.6867438000000001,3.530394,10.8265416
705,9.181897640228271,-1.1767979999999998,1.5298374,10.8265416
706,9.194750547409058,-1.0198916,-0.980665,11.807206599999999
707,9.207578420639038,-0.2353596,-2.7066354,10.8657682
708,9.220405340194702,1.8436502,-1.6475172,7.84532
709,9.233235836029053,1.6475172,2.3535959999999996,13.925442999999998
710,9.246061563491821,0.3138128,4.9425516,11.2972608
711,9.258890390396118,-0.7453053999999999,0.1176798,12.003339599999999
712,9.271730422973633,-0.8629851999999999,-2.9812215999999996,9.4536106
713,9.284558534622192,0.5099458,-1.4513842,10.983448000000001
714,9.297396898269653,0.9414384,1.7259703999999998,13.1801376
715,9.310221672058105,0.6276256,4.511059,12.5917386
716,9.323057651519775,-1.2160246,1.765197,10.5519554
717,9.335883855819702,-1.0198916,-2.7850886,8.7867584
718,9.348709344863892,0.392266,-1.2160246,11.179581
719,9.361534595489502,2.0397832,-2.0005566,8.041453
720,9.374359369277954,-0.2745862,4.707191999999999,13.337044
721,9.387189626693726,-1.0198916,2.1182364,10.3165958
722,9.400036811828613,-1.2944778,1.4906107999999998,12.0425662
723,9.412862300872803,-1.0198916,-2.6674088,11.375713999999999
724,9.425688028335571,2.5105024,-2.3928225999999997,8.5121722
725,9.438513278961182,1.2552512,-0.0784532,9.0613446
726,9.451338768005371,1.4513842,3.4127142,10.5519554
727,9.46416425704956,-1.5298374,1.2160246,11.6110736
728,9.476988792419434,-0.7060788,-2.3143694,10.591182
729,9.489841938018799,-0.7060788,-2.2359162,9.1790244
730,9.502747774124146,0.784532,-0.6276256,8.1199062
731,9.515580177307129,0.1176798,1.8828768,15.494507
732,9.52840781211853,-0.980665,2.3535959999999996,11.179581
733,9.541248321533203,-0.3530394,-1.5298374,11.6895268
734,9.554075002670288,-1.3337044,-3.530394,10.395049
735,9.566901445388794,1.4906107999999998,-1.8044235999999998,9.4536106
736,9.579734325408936,-0.1176798,1.8436502,14.592295199999999
737,9.592569351196289,-0.0392266,2.9812215999999996,11.964113
738,9.605420112609863,-1.8044235999999998,0.9414384,10.6696352
739,9.618261814117432,-1.6082906,-3.3734876000000003,9.2967042
740,9.631144523620605,1.0983448,-2.3535959999999996,10.3165958
741,9.644057035446167,2.0790097999999997,-1.5298374,7.7276402
742,9.658255338668823,-0.0392266,3.4911673999999997,12.081792799999999
743,9.675377607345581,-1.765197,0.0392266,12.709418399999999
744,9.692570209503174,-1.0983448,-3.4519407999999996,10.591182
745,9.709719896316528,1.4906107999999998,-2.1182364,7.9237732
746,9.726811647415161,0.43149259999999995,4.1972461999999995,12.003339599999999
747,9.74386978149414,-0.8629851999999999,0.784532,12.944778
748,9.760478973388672,-1.3337044,-3.530394,10.9049948
749,9.776123046875,1.4121576,-1.6867438000000001,7.8845466
750,9.791778564453125,0.9022117999999999,4.511059,12.4740588
751,9.80744481086731,-1.3729310000000001,1.765197,10.395049
752,9.823288440704346,-0.8237586,-3.0204481999999997,9.6889702
753,9.839004039764404,0.1569064,-2.3928225999999997,8.433719
754,9.854726076126099,0.1176798,0.0392266,7.3746008
755,9.871042251586914,-2.0005566,1.2552512,10.9049948
756,9.887341260910034,-0.6668522,1.2944778,10.0812362
757,9.903629779815674,-0.1569064,-2.3143694,11.532620399999999
758,9.919983625411987,0.8237586,0.1176798,7.0215613999999995
759,9.936269044876099,1.9221034,1.8044235999999998,10.983448000000001
760,9.95263957977295,-1.4513842,1.6082906,11.964113
761,9.969332695007324,-0.2745862,-2.2359162,11.2188076
762,9.986432552337646,2.0397832,-0.9414384,6.903881599999999
763,10.003835916519165,1.765197,4.5502856,11.0226746
764,10.021026372909546,-0.9414384,1.5298374,11.924886399999998
765,10.03813123703003,-0.3530394,-2.6281822,10.9049948
766,10.055299520492554,0.9022117999999999,-0.43149259999999995,7.178467799999999
767,10.072015762329102,1.2944778,3.6480737999999997,11.179581
768,10.0883047580719,-1.0591182,1.6867438000000001,11.061901200000001
769,10.10471248626709,0.0392266,-2.6674088,10.7480884
770,10.1210777759552,2.0397832,-1.8436502,7.217694399999999
771,10.137380599975586,1.4906107999999998,3.530394,14.278482399999998
772,10.15366816520691,-1.2552512,1.3337044,11.2972608
773,10.169991493225098,-1.0983448,-2.6674088,10.9442214
774,10.186305284500122,2.0790097999999997,-1.4121576,9.649743599999999
775,10.202595710754395,1.765197,4.118792999999999,14.003896199999998
776,10.218914985656738,-0.980665,1.4906107999999998,11.571846999999998
777,10.23527193069458,-1.1767979999999998,-2.5889556,11.414940599999998
778,10.251548290252686,1.5298374,-1.7259703999999998,9.8851032
779,10.267829418182373,1.1375714,4.2756994,13.4547238
780,10.284132719039917,-1.6082906,2.5889556,11.1011278
781,10.30041790008545,-1.2552512,-2.6674088,11.1011278
782,10.316734790802002,-0.43149259999999995,-1.569064,9.2967042
783,10.333037614822388,0.5491724,-0.9414384,6.903881599999999
784,10.349314451217651,-1.4121576,2.5105024,11.375713999999999
785,10.365661859512329,-1.0198916,-2.3928225999999997,11.2972608
786,10.382396459579468,-0.7453053999999999,-2.4320492,9.1790244
787,10.399510860443115,1.3337044,-0.6668522,7.0215613999999995
788,10.416604042053223,-1.6867438000000001,2.0397832,11.3364874
789,10.433725118637085,-0.980665,-2.7458620000000002,11.0226746
790,10.450810194015503,-0.2745862,-2.8635417999999997,9.022118
791,10.467915058135986,0.9414384,-0.2745862,6.864655
792,10.484997749328613,-1.0591182,2.3535959999999996,11.454167199999999
793,10.502073049545288,-1.2944778,-2.4320492,11.2188076
794,10.519160985946655,-0.1176798,-2.549729,9.5320638
795,10.536268949508667,0.9022117999999999,-0.8629851999999999,7.060788
796,10.55335021018982,-1.7259703999999998,1.8828768,11.454167199999999
797,10.570459365844727,-0.9414384,-2.3535959999999996,11.493393799999998
798,10.587599039077759,-0.3530394,-2.941995,9.610517
799,10.604686737060547,0.8237586,-1.2944778,7.256920999999999
800,10.621839046478271,-0.8237586,2.9027684,11.2972608
801,10.63903522491455,-1.0591182,-2.2359162,11.650300199999998
802,10.656135082244873,-0.6276256,-1.0198916,9.8851032
803,10.673316478729248,0.9022117999999999,-1.3337044,13.6900834
804,10.690057516098022,-1.2160246,3.5696205999999995,11.061901200000001
805,10.706338882446289,-0.980665,-1.765197,11.454167199999999
806,10.722690105438232,-0.43149259999999995,-2.7458620000000002,9.6889702
807,10.739037036895752,1.0591182,-1.0198916,7.139241199999999
808,10.755340814590454,1.6082906,3.0204481999999997,11.414940599999998
809,10.771630764007568,-1.4121576,1.3337044,12.081792799999999
810,10.787984609603882,-0.9414384,-3.1773545999999997,10.3165958
811,10.804788827896118,1.0591182,-1.1767979999999998,7.3746008
812,10.821162462234497,1.6867438000000001,3.0596748,11.532620399999999
813,10.83752703666687,-1.8044235999999998,1.6867438000000001,11.493393799999998
814,10.853816270828247,-1.1375714,-2.157463,8.747531799999999
815,10.870103120803833,1.5298374,-1.6082906,7.3746008
816,10.886411666870117,1.3337044,3.2558078,14.239255799999999
817,10.902735948562622,-1.8436502,1.3337044,10.7480884
818,10.919853687286377,-0.8237586,-3.2950344,10.002782999999999
819,10.936231851577759,1.4513842,-1.7259703999999998,10.5127288
820,10.952520847320557,1.0983448,2.8635417999999997,14.121576
821,10.968817710876465,-0.784532,1.0591182,10.6304086
822,10.98526906967163,-0.784532,-0.6668522,9.649743599999999
823,11.001848936080933,1.4513842,-1.6475172,10.4735022
824,11.018162488937378,1.6475172,2.7066354,14.160802599999998
825,11.034457445144653,0.0,4.0403398,10.5519554
826,11.050744533538818,-0.7453053999999999,-0.196133,12.356378999999999
827,11.067068338394165,1.0591182,-1.6475172,10.9442214
828,11.083354711532593,1.2160246,-1.96133,13.964669599999999
829,11.100435256958008,0.7453053999999999,4.903325,11.6110736
830,11.117517232894897,-0.6668522,0.2353596,12.2386992
831,11.134618282318115,-0.980665,-1.7259703999999998,11.1403544
832,11.151705980300903,1.765197,-2.0790097999999997,12.944778
833,11.16878342628479,0.2353596,4.4326058,12.356378999999999
834,11.185870170593262,-0.8237586,0.6276256,12.003339599999999
835,11.202945232391357,-0.980665,-1.8828768,11.493393799999998
836,11.220023155212402,1.6867438000000001,-2.0397832,12.1210194
837,11.237101554870605,1.4121576,4.746418599999999,13.3762706
838,11.254218816757202,-0.7060788,0.8237586,12.0425662
839,11.271295547485352,0.0392266,-2.4712758,11.6110736
840,11.28840446472168,2.0005566,0.5883989999999999,10.198916
841,11.305489540100098,1.1375714,3.8442068,10.2381426
842,11.322599411010742,-1.2160246,1.3729310000000001,11.375713999999999
843,11.339681386947632,-0.3138128,-2.2751428,10.9442214
844,11.356802701950073,1.6082906,-0.1176798,8.9436648
845,11.373876094818115,0.5099458,2.549729,10.7088618
846,11.391039848327637,-1.569064,1.2160246,10.9049948
847,11.407790899276733,-1.0198916,-2.7066354,10.395049
848,11.424073219299316,1.765197,-2.549729,7.609960399999999
849,11.440351724624634,0.43149259999999995,2.8243152,14.513841999999999
850,11.456638813018799,-2.157463,1.2552512,10.8265416
851,11.472917079925537,-0.980665,-1.2160246,9.3751574
852,11.489201545715332,1.1375714,-1.96133,9.845876599999999
853,11.505674362182617,0.0392266,1.6867438000000001,12.8663248
854,11.522751331329346,0.0784532,1.1767979999999998,10.2381426
855,11.539824962615967,-1.2552512,-0.0392266,9.022118
856,11.55692744255066,0.7453053999999999,-1.8828768,10.3558224
857,11.57402777671814,0.1176798,1.5298374,9.0613446
858,11.591104984283447,0.392266,1.3729310000000001,9.80665
859,11.608209609985352,-0.6276256,0.5883989999999999,9.2967042
860,11.625331163406372,0.4707192,-2.2751428,11.1403544
861,11.64246129989624,0.980665,1.4906107999999998,7.6491869999999995
862,11.659605503082275,0.5491724,2.0790097999999997,10.0812362
863,11.676688432693481,-0.6668522,1.9221034,9.80665
864,11.693857908248901,0.1569064,-2.2751428,11.2188076
865,11.710975170135498,0.980665,0.0392266,7.1000146
866,11.728052616119385,1.9221034,1.6082906,10.787315
867,11.745362043380737,-0.980665,2.0005566,10.591182
868,11.762557029724121,-0.3530394,-2.1182364,10.8657682
869,11.779635429382324,0.5099458,-0.3138128,6.3154826
870,11.79680323600769,-0.9022117999999999,2.5105024,11.061901200000001
871,11.813517570495605,-0.7453053999999999,2.0005566,11.2580342
872,11.829802989959717,-0.0784532,-2.2359162,10.3558224
873,11.846150159835815,1.2160246,-1.2552512,7.6491869999999995
874,11.862692594528198,1.4121576,2.8243152,11.0226746
875,11.878976583480835,-1.569064,1.3729310000000001,11.3364874
876,11.895259618759155,-0.43149259999999995,-2.549729,10.6304086
877,11.91175127029419,1.9221034,-1.0983448,7.3746008
878,11.928835391998291,1.1375714,3.2950344,11.375713999999999
879,11.945941925048828,-1.0983448,1.1767979999999998,10.9049948
880,11.963115930557251,-0.6668522,-3.1773545999999997,10.0812362
881,11.980194807052612,1.1375714,-1.6867438000000001,7.4922806
882,11.997341394424438,1.0983448,2.1182364,11.807206599999999
883,12.014338493347168,-1.2944778,1.5298374,10.1204628
884,12.030627727508545,-0.8629851999999999,-3.0596748,9.649743599999999
885,12.047146320343018,0.43149259999999995,-1.8436502,8.041453
886,12.063624858856201,1.2160246,1.6082906,13.0624578
887,12.07991099357605,-1.1767979999999998,1.7259703999999998,10.0420096
888,12.096197366714478,-1.569064,-2.6281822,9.0613446
889,12.112513542175293,-0.0392266,-2.549729,11.807206599999999
890,12.128798246383667,0.980665,0.6276256,9.571290399999999
891,12.145082235336304,1.5298374,2.2751428,10.198916
892,12.16142225265503,-1.4906107999999998,1.0983448,11.885659799999999
893,12.177747011184692,-0.3530394,-2.3928225999999997,10.983448000000001
894,12.194029808044434,1.4513842,-0.5099458,8.433719
895,12.21033239364624,0.8237586,2.1182364,11.179581
896,12.227442741394043,-1.4906107999999998,1.5298374,11.1011278
897,12.244699478149414,-1.569064,-3.6480737999999997,9.7674234
898,12.261961221694946,1.4513842,-1.7259703999999998,7.5707338
899,12.27916145324707,0.196133,1.8436502,12.0425662
900,12.296236991882324,-1.4906107999999998,1.8828768,10.002782999999999
901,12.313310861587524,-1.4513842,-3.3734876000000003,8.9436648
902,12.329691648483276,0.784532,-1.7259703999999998,8.1199062
903,12.34595775604248,0.5491724,1.6867438000000001,7.9237732
904,12.362230062484741,-1.3337044,1.7259703999999998,10.591182
905,12.378506660461426,-0.1176798,-2.8635417999999997,9.924329799999999
906,12.394824743270874,-0.0392266,-2.0005566,11.0226746
907,12.411165714263916,0.7453053999999999,-0.1176798,6.7077486
908,12.428260803222656,1.569064,1.96133,11.2972608
909,12.445319652557373,-0.9414384,1.9221034,11.375713999999999
910,12.462388753890991,-0.2745862,-2.6281822,10.787315
911,12.479526996612549,1.1375714,-0.6668522,7.217694399999999
912,12.496586322784424,1.8828768,2.941995,11.493393799999998
913,12.513676881790161,-1.0591182,1.2160246,12.0425662
914,12.530738353729248,-0.980665,-3.0596748,9.9635564
915,12.547794342041016,0.7453053999999999,-1.8436502,7.4138274
916,12.564854383468628,1.0983448,5.0602314,11.493393799999998
917,12.58192491531372,-1.3337044,1.3337044,12.434832199999999
918,12.59900164604187,-0.8629851999999999,-2.6281822,8.9436648
919,12.616190910339355,1.8044235999999998,-2.1182364,7.9629998
920,12.63332200050354,1.3337044,4.314926,14.082349399999998
921,12.650410175323486,-0.9414384,0.980665,12.1994726
922,12.667504787445068,-0.392266,-2.157463,11.2972608
923,12.684607028961182,1.765197,-2.5105024,8.5513988
924,12.701803207397461,0.784532,2.5889556,16.0436794
925,12.718897342681885,-0.6668522,1.2160246,11.1011278
926,12.735962867736816,-0.3138128,-1.8828768,10.198916
927,12.753032684326172,1.2552512,-2.3928225999999997,9.414383999999998
928,12.770097970962524,0.1569064,1.7259703999999998,13.846989799999998
929,12.787187099456787,-0.392266,1.2944778,10.002782999999999
930,12.804277896881104,-0.5099458,-0.196133,9.1005712
931,12.821350336074829,1.0198916,-2.1966896,10.6304086
932,12.838411569595337,0.0,0.784532,9.1790244
933,12.855514526367188,0.5883989999999999,1.6082906,10.2381426
934,12.87259840965271,-0.9414384,0.9414384,9.4536106
935,12.889824867248535,0.392266,-1.9221034,11.2580342
936,12.906970739364624,-0.0784532,0.0784532,6.903881599999999
937,12.923668146133423,1.2552512,2.1182364,11.1011278
938,12.939940690994263,-0.784532,1.6475172,11.807206599999999
939,12.956207275390625,0.0,-2.2751428,10.8265416
940,12.9724760055542,1.4906107999999998,-0.9414384,7.060788
941,12.98914885520935,2.0005566,3.2558078,11.414940599999998
942,13.005609273910522,-0.980665,1.765197,11.1403544
943,13.021778345108032,-1.1767979999999998,-2.9812215999999996,9.7674234
944,13.036916494369507,1.0198916,-1.4906107999999998,10.591182
945,13.052069187164307,1.4121576,2.1966896,13.6900834
946,13.06719422340393,0.6276256,4.511059,11.885659799999999
947,13.082329511642456,-0.5883989999999999,0.5099458,12.3956056
948,13.0974862575531,-1.0983448,-3.2558078,11.76798
949,13.112661838531494,1.9221034,-2.1182364,8.1983594
950,13.128702878952026,1.0983448,4.3541526,13.72931
951,13.145802974700928,-1.0983448,2.4320492,12.081792799999999
952,13.162888526916504,-1.0198916,-2.6281822,9.649743599999999
953,13.179955244064331,1.9221034,-2.0790097999999997,8.5513988
954,13.19707465171814,1.0198916,3.530394,15.3768272
955,13.214169979095459,-1.0198916,2.6674088,11.1403544
956,13.231236219406128,-0.6276256,-1.6082906,11.2188076
957,13.248295783996582,1.8044235999999998,-1.1767979999999998,8.1983594
958,13.265357732772827,0.5099458,1.6082906,14.3961622
959,13.282451152801514,-0.5099458,2.7458620000000002,10.7088618
960,13.299572229385376,-0.5883989999999999,-0.7453053999999999,12.6701918
961,13.316656351089478,1.569064,-2.5889556,10.3165958
962,13.333725690841675,0.5099458,2.6281822,10.787315
963,13.350788354873657,-0.0784532,3.5696205999999995,9.7674234
964,13.36785364151001,-0.8237586,0.3138128,13.140911000000001
965,13.384919881820679,1.1767979999999998,-1.765197,10.3165958
966,13.402011394500732,-0.196133,1.4121576,8.1591328
967,13.419097661972046,0.7060788,1.6082906,10.4342756
968,13.43616509437561,-0.6276256,1.2552512,9.5320638
969,13.453232526779175,0.3530394,-1.9221034,11.2188076
970,13.470294952392578,0.6668522,0.3138128,6.982334799999999
971,13.487362384796143,1.0591182,1.8044235999999998,10.7480884
972,13.504472255706787,-0.784532,1.4513842,10.6696352
973,13.521562337875366,-0.0392266,-2.4712758,10.8265416
974,13.538630485534668,0.8629851999999999,-0.2353596,6.5508422
975,13.555689334869385,1.0983448,2.0397832,11.414940599999998
976,13.572747707366943,-1.1375714,1.8436502,11.571846999999998
977,13.589904308319092,-0.5883989999999999,-2.941995,10.7088618
978,13.607003211975098,1.2552512,-1.1767979999999998,6.8254284
979,13.624191045761108,1.6867438000000001,3.334261,11.650300199999998
980,13.641318321228027,-1.3337044,1.4513842,12.160245999999999
981,13.658385515213013,-1.2552512,-2.6674088,9.5320638
982,13.67547345161438,1.1375714,-2.0005566,8.0806796
983,13.692552089691162,0.6276256,4.8248717999999995,11.493393799999998
984,13.709680795669556,-2.0005566,1.2552512,12.0425662
985,13.726769924163818,-0.8237586,-3.4127142,9.2574776
986,13.74384093284607,1.569064,-2.2751428,8.747531799999999
987,13.760903358459473,0.0784532,4.314926,14.278482399999998
988,13.777983903884888,-1.2552512,2.1966896,11.454167199999999
989,13.795074939727783,-0.3530394,-2.3928225999999997,9.3751574
990,13.812229633331299,1.2944778,-2.3535959999999996,8.669078599999999
991,13.82937741279602,0.980665,4.2364728,15.6121868
992,13.84608006477356,-1.4121576,2.2359162,11.924886399999998
993,13.862350463867188,-0.6276256,-1.96133,10.5127288
994,13.878623723983765,-1.2160246,-2.3928225999999997,9.1397978
995,13.894914388656616,0.9414384,-0.8629851999999999,15.0237878
996,13.911302089691162,-0.43149259999999995,2.5889556,11.728753399999999
997,13.92757534980774,-0.4707192,-0.6276256,12.3171524
998,13.943871974945068,-1.4513842,-3.0596748,9.9635564
999,13.960140705108643,0.9414384,-2.0397832,6.7469752000000005
